Track name,Artist name,Album,Playlist name,Type,ISRC
"Annix - I Like To","","","DnB Hits","Playlist",""
"Camo & Krooked - All Night","","","DnB Hits","Playlist",""
"Kanine · A Little Sound · Fergus Bossert · Abigail Morgan · Fergus Bossert · Abigail Morgan - Back In Time VIP","","","DnB Hits","Playlist",""
"Wilkinson - Brand New","","","DnB Hits","Playlist",""
"Document One - Holy Moly","","","DnB Hits","Playlist",""
"Grafix · Reiki Ruawai - Somewhere","","","DnB Hits","Playlist",""
"Fourward - Lose Control","","","DnB Hits","Playlist",""
"ShockOne - Polygon (Dirtyphonics Remix)","","","DnB Hits","Playlist",""
"Dimension - Sensory Division","","","DnB Hits","Playlist",""
"Culture Shock · Raphaella - Have It All (feat. Raphaella)","","","DnB Hits","Playlist",""
"Metrik featuring Rothwell - We Got It (S.P.Y Remix)","","","DnB Hits","Playlist",""
"Delta Heavy · Modestep · The Prototypes - Here With Me (feat. Modestep) (The Prototypes Remix)","","","DnB Hits","Playlist",""
"Metrik - Gravity","","","DnB Hits","Playlist",""
"Friction · Kanine - Your Love","","","DnB Hits","Playlist",""
"Culture Shock - Discotheque","","","DnB Hits","Playlist",""
"Wilkinson · HAYLA - I Need (Wilkinson & Metrik Remix)","","","DnB Hits","Playlist",""
"Netsky · Hybrid Minds - Let Me Hold You","","","DnB Hits","Playlist",""
"Wilkinson · Becky Hill - Afterglow","","","DnB Hits","Playlist",""
"Camo & Krooked - All Night","","","DnB Hits","Playlist",""
"Wilkinson · Tom Cane - Half Light","","","DnB Hits","Playlist",""
"Kanine - Want You","","","DnB Hits","Playlist",""
"Wilkinson · Talay Riley - Dirty Love","","","DnB Hits","Playlist",""
"Polygon - Feel This Good","","","DnB Hits","Playlist",""
"Subsonic · Flowidus - Come Around","","","DnB Hits","Playlist",""
"Grafix · Lauren L'aimant - Feel Alive","","","DnB Hits","Playlist",""
"Sub Focus · Wilkinson · Empara Mi - Freedom (Sub Focus & Wilkinson)","","","DnB Hits","Playlist",""
"Crissy Criss - Need You Now","","","DnB Hits","Playlist",""
"Rameses B · L Plus - Open Your Eyes (L Plus Remix)","","","DnB Hits","Playlist",""
"Fade Black · Bastion · Catching Cairo - Shapes","","","DnB Hits","Playlist",""
"Pegboard Nerds - Speed Of Light (Andy C Remix)","","","DnB Hits","Playlist",""
"Luude - Butters","","","DnB Hits","Playlist",""
"Tantrum Desire - Reach (The Prototypes Remix)","","","DnB Hits","Playlist",""
"Andromedik · Voicians - Won't Let Go","","","DnB Hits","Playlist",""
"Muzzy - Lost Metropolis","","","DnB Hits","Playlist",""
"Eric Prydz - Generate (Dimension Remix)","","","DnB Hits","Playlist",""
"Polar Youth · Georgie Allen - All Night (Metrik Remix)","","","DnB Hits","Playlist",""
"Subsonic - Emotions","","","DnB Hits","Playlist",""
"Ekko & Sidetrack - Synchronise","","","DnB Hits","Playlist",""
"Prospa · Dimension - WANT NEED LOVE (Dimension Remix)","","","DnB Hits","Playlist",""
"Blaine Stranger · Solomon France · Venjent - Rewind","","","DnB Hits","Playlist",""
"Fox Stevenson - Knowhow","","","DnB Hits","Playlist",""
"Grafix - Radiance","","","DnB Hits","Playlist",""
"Nelver - Heatwave","","","DnB Hits","Playlist",""
"K Motionz · Emily Makis - High Note","","","DnB Hits","Playlist",""
"Maduk · Lexurus - Ready Now (Lexurus Remix)","","","DnB Hits","Playlist",""
"Wilkinson · Amber Van Day - Keep Dancing","","","DnB Hits","Playlist",""
"Sub Focus - Endorphins (Ft. Alex Clare) (Sub Focus vs Fred V & Grafix Remix)","","","DnB Hits","Playlist",""
"Fox Stevenson - Bruises","","","DnB Hits","Playlist",""
"Wilkinson · P Money · Arlissa - Heartbeat (Calyx & TeeBee Remix)","","","DnB Hits","Playlist",""
"Sub Focus - Off The Ground","","","DnB Hits","Playlist",""
"Lexurus · Rhode - Magnify","","","DnB Hits","Playlist",""
"Delta Heavy · MUZZ · Murdock - Revenge (Murdock Remix)","","","DnB Hits","Playlist",""
"Sigma · Shakka - Rest Of My Life (Rollout Mix)","","","DnB Hits","Playlist",""
"1991 - The People (D & B Mix)","","","DnB Hits","Playlist",""
"Sub Focus · Wilkinson - Air I Breathe (Sub Focus & Wilkinson)","","","DnB Hits","Playlist",""
"Cartoon · Jéja · Andromedik · Asena - Howling (Andromedik Remix)","","","DnB Hits","Playlist",""
"Sub Focus · Wilkinson - Illuminate (Extended Mix)","","","DnB Hits","Playlist",""
"Wilkinson · Kanine · Clementine Douglas - No One Else","","","DnB Hits","Playlist",""
"Subsonic · Ruth Royall - Hold On","","","DnB Hits","Playlist",""
"Metrik · Grafix - Parallel","","","DnB Hits","Playlist",""
"1991 - Full Send","","","DnB Hits","Playlist",""
"Culture Shock - Lost","","","DnB Hits","Playlist",""
"Polaris - Deliverance","","","DnB Hits","Playlist",""
"Grafix · Metrik - Skyline","","","DnB Hits","Playlist",""
"Wilkinson · Sharlene Hector - I Believe","","","DnB Hits","Playlist",""
"Fatboy Slim · Friction · Killer Hertz - Right Here, Right Now (Friction & Killer Hertz Remix)","","","DnB Hits","Playlist",""
"BLVCK CROWZ · ESKEI83 - LIFT YOU UP","","","DnB Hits","Playlist",""
"Dj Fresh · Bou · Used - Gold Dust (Bou & Used Remix)","","","DnB Hits","Playlist",""
"Delta Heavy - The World Is Yours","","","DnB Hits","Playlist",""
"Sub Focus · AR/CO - Vibration (One More Time)","","","DnB Hits","Playlist",""
"Delta Heavy - No Gravity","","","DnB Hits","Playlist",""
"Delta Heavy · Lauren L'aimant - Against The Tide","","","DnB Hits","Playlist",""
"Delta Heavy · Jem Cooke - Heaven","","","DnB Hits","Playlist",""
"Sub Focus · Dimension - Ready To Fly (Sub Focus & Dimension)","","","DnB Hits","Playlist",""
"Culture Shock - Rise","","","DnB Hits","Playlist",""
"Delta Heavy · Jem Cooke - Heaven","","","DnB Hits","Playlist",""
"John Newman - Love Me Again (Kove Remix)","","","DnB Hits","Playlist",""
"Maduk - Go Back To The Jungle","","","DnB Hits","Playlist",""
"Friction · Poppy Baskcomb - Falling Down","","","DnB Hits","Playlist",""
"Killer Hertz - Prometheus","","","DnB Hits","Playlist",""
"Camo & Krooked · Mira Lu Kovacs - No Way Out (feat. Mira Lu Kovacs)","","","DnB Hits","Playlist",""
"Maduk · Calixte - Everytime","","","DnB Hits","Playlist",""
"Luude · Bru-C · Kevin Lyttle - TMO (Turn Me On) (feat. Kevin Lyttle)","","","DnB Hits","Playlist",""
"Flume ft. Vera Blue - Rushing Back (Ekko & Sidetrack Bootleg)","","","DnB Hits","Playlist",""
"Sub Focus · Culture Shock - Airplane (Culture Shock Remix)","","","DnB Hits","Playlist",""
"Document One - Cheap Shot","","","DnB Hits","Playlist",""
"Netsky · Hybrid Minds · Grafix - Let Me Hold You (Grafix Remix)","","","DnB Hits","Playlist",""
"Andromedik · Voicians - Won't Let Go (Used Remix)","","","DnB Hits","Playlist",""
"Delta Heavy - Ascend","","","DnB Hits","Playlist",""
"TSUKI - Over","","","DnB Hits","Playlist",""
"Gold Dust Mandidextrous Remix (DnB)","","","DnB Hits","Playlist",""
"Fred V & Grafix - Hydra (Chords Remix)","","","DnB Hits","Playlist",""
"Maduk - One Way","","","DnB Hits","Playlist",""
"Metrik - Immortal","","","DnB Hits","Playlist",""
"Camo & Krooked · Mira Lu Kovacs - No Way Out (feat. Mira Lu Kovacs) (RageMode Remix)","","","DnB Hits","Playlist",""
"Metrik · Grafix - Parallel","","","DnB Hits","Playlist",""
"Grafix · Ruth Royall - Alone","","","DnB Hits","Playlist",""
"Fred V · DNMO · Lottie Jones - Closer","","","DnB Hits","Playlist",""
"Koven - Chase The Sun","","","DnB Hits","Playlist",""
"Camo & Krooked - Loa (Fade Black Remix)","","","DnB Hits","Playlist",""
"Andromedik - Better With You","","","DnB Hits","Playlist",""
"Mohican Sun - Darkest Hour","","","DnB Hits","Playlist",""
"Millbrook · Nova Sky - Choices (feat. Nova Sky)","","","DnB Hits","Playlist",""
"Krakota · Fred V · Tudor - Back To Me","","","DnB Hits","Playlist",""
"Polygon - Real Life","","","DnB Hits","Playlist",""
"Polygon - Hypnotize","","","DnB Hits","Playlist",""
"Freaks & Geeks - Freefalling","","","DnB Hits","Playlist",""
"Sigma · MORGAN - Adrenaline Rush (Subsonic Remix)","","","DnB Hits","Playlist",""
"Maduk - Never Give Up","","","DnB Hits","Playlist",""
"Wilkinson · ILIRA · iiola · Tom Cane - Infinity (feat. ILIRA, iiola & Tom Cane)","","","DnB Hits","Playlist",""
"Aktive - Tell Me","","","DnB Hits","Playlist",""
"Aktive - Touch","","","DnB Hits","Playlist",""
"Andromedik - Close To Me","","","DnB Hits","Playlist",""
"Fred V & Grafix - Hydra (Chords Remix)","","","DnB Hits","Playlist",""
"Kanine - Light It Up","","","DnB Hits","Playlist",""
"Becky Hill · Chase & Status - Disconnect","","","DnB Hits","Playlist",""
"Chase & Status · Bou · IRAH · Flowdan · Trigga · Takura - Baddadan","","","DnB Hits","Playlist",""
"D.O.D - So Much In Love (Sub Focus Remix)","","","DnB Hits","Playlist",""
"Lost Frequencies · Andromedik · Bonn - The Feeling (Lost Frequencies & Andromedik Deluxe Mix)","","","DnB Hits","Playlist",""
"Charlotte Plank - Rage","","","DnB Hits","Playlist",""
"Sub Focus · Wilkinson - Rock It (Wilkinson Remix)","","","DnB Hits","Playlist",""
"Sub Focus · Metrik - Trip","","","DnB Hits","Playlist",""
"Kanine · A Little Sound - Back In Time VIP","","","DnB Hits","Playlist",""
"Andromedik · Patch Edison - You & I","","","DnB Hits","Playlist",""
"BCee · Charlotte Haining - The Hills (Krakota Remix)","","","DnB Hits","Playlist",""
"Metrik - Abyss","","","DnB Hits","Playlist",""
"Snowflakes (Rawtekk Neuropop VIP)","","","DnB Hits","Playlist",""
"Chase & Status · Bou · IRAH · Flowdan · Trigga · Takura - Baddadan (Extended Mix)","","","DnB Hits","Playlist",""
"Venjent - Wearing the Bass","","","DnB Hits","Playlist",""
"Venjent - Moving On","","","DnB Hits","Playlist",""
"The Caracal Project · Camo & Krooked - While you count down.","","","DnB Hits","Playlist",""
"1991 - Chant","","","DnB Hits","Playlist",""
"Dimension - DJ Turn It Up","","","DnB Hits","Playlist",""
"Polygon · Rhode - It's Over","","","DnB Hits","Playlist",""
"Culture Shock · James Pountney · Samantha Louise Harper - Breathe","","","DnB Hits","Playlist",""
"Camo & Krooked · Sophie Lindinger · Mefjus - No Tomorrow (P Money x Whiney Remix) (feat. Sophie Lindinger, Mefjus)","","","DnB Hits","Playlist",""
"Kanine · Gracie Van Brunt - Deep Blue","","","DnB Hits","Playlist",""
"Songer · Phibes - Toxic (Phibes Remix)","","","DnB Hits","Playlist",""
"Delta Heavy · Cameron Warren - Bad Decisions","","","DnB Hits","Playlist",""
"Venjent · Biometrix - Negroani","","","DnB Hits","Playlist",""
"Koven - Never Have I Felt This (VIP)","","","DnB Hits","Playlist",""
"Tantrum Desire - Rhythm","","","DnB Hits","Playlist",""
"Metrik · Justin Hawkes · Reija Lee - Freefall (Justin Hawkes Remix)","","","DnB Hits","Playlist",""
"Fred again.. · Baby Keem - leavemealone","","","DnB Hits","Playlist",""
"Becky Hill · Chase & Status - Disconnect","","","DnB Hits","Playlist",""
"Chase & Status · Hedex · ArrDee - Liquor & Cigarettes","","","DnB Hits","Playlist",""
"Issey Cross - Bittersweet Goodbye (Lens Remix)","","","DnB Hits","Playlist",""
"Tantrum Desire · Matrix & Futurebound - The Shadows","","","DnB Hits","Playlist",""
"Armin van Buuren - Lose This Feeling (Dimension Remix)","","","DnB Hits","Playlist",""
"Koven · Circadian - The Outlines","","","DnB Hits","Playlist",""
"Friction - Supersonic (Basstripper Remix)","","","DnB Hits","Playlist",""
"Aktive - Higher","","","DnB Hits","Playlist",""
"Charlotte Haining - Sinner (Extended)","","","DnB Hits","Playlist",""
"1991 · Poppy Baskcomb - Horizon","","","DnB Hits","Playlist",""
"Kanine - Chemicals","","","DnB Hits","Playlist",""
"Kabin Crew · Lisdoonvarna Crew - The Spark","","","DnB Hits","Playlist",""
"Rusko - Rubix Cube","","","DnB Hits","Playlist",""
"Sub Focus · bbyclose - On & On","","","DnB Hits","Playlist",""
"John Summit · Sub Focus · Julia Church - Go Back","","","DnB Hits","Playlist",""
"Bare Up · Anthony Kiedis · Chad Smith · Flea · John Frusciante - Can't Stop","","","DnB Hits","Playlist",""
"Wilkinson · NORTH - Balance","","","DnB Hits","Playlist",""
"Supermode · 1991 - Tell Me Why (1991 Remix)","","","DnB Hits","Playlist",""
"Blaine Stranger - NEV3R","","","DnB Hits","Playlist",""
"Andromedik - With You","","","DnB Hits","Playlist",""
"Wilkinson · Camo & Krooked · Mefjus · ILIRA - Lose Control (feat. ILIRA)","","","DnB Hits","Playlist",""
"Armin van Buuren - Lose This Feeling (Dimension Extended Remix)","","","DnB Hits","Playlist",""
"Tantron · Grace Barton - OVERLOAD","","","DnB Hits","Playlist",""
"Chase & Status · Stormzy - BACKBONE","","","DnB Hits","Playlist",""
"Ermo Slim - The Victory","","","DnB Hits","Playlist",""
"Pendulum · Armin van Buuren · Rob Swire - Sound of You","","","DnB Hits","Playlist",""
"Armin van Buuren · Rob Swire - Sound of You","","","DnB Hits","Playlist",""
"Dimension · Alison Wonderland - Satellite","","","DnB Hits","Playlist",""
"Netsky · Andromedik - Out of Body","","","DnB Hits","Playlist",""
"The Prodigy - You'll Be UNDER MY WHEELS","","","DnB Hits","Playlist",""
"Culture Shock · YOU · James Willoughby Pountney · Josh Record · Andrew Bullimore - Universe","","","DnB Hits","Playlist",""
"DNMO · Wolfy Lights · Blooom - Bombalaya (Blooom Remix)","","","DnB Hits","Playlist",""
"Yussi · MAMI - Unforgettable","","","DnB Hits","Playlist",""
"Pendulum - Archangel","","","DnB Hits","Playlist",""
"REAPER · Calivania - BLACK FIRES","","","DnB Hits","Playlist",""
"Circadian · Nu-La - ReBirth","","","DnB Hits","Playlist",""
"Sub Focus · bbyclose - On & On","","","DnB Hits","Playlist",""
"Sub Focus · Grimes - Entwined","","","DnB Hits","Playlist",""